{
    "name": "root",
    "gauges": {
        "auvCam_AUVCam.Policy.Entropy.mean": {
            "value": 1.4065773487091064,
            "min": 1.406528353691101,
            "max": 1.4189385175704956,
            "count": 50
        },
        "auvCam_AUVCam.Policy.ExtrinsicValueEstimate.mean": {
            "value": 0.007398141548037529,
            "min": -1.572826862335205,
            "max": 0.4196273684501648,
            "count": 50
        },
        "auvCam_AUVCam.Environment.EpisodeLength.mean": {
            "value": 459.0,
            "min": 168.0,
            "max": 599.0,
            "count": 50
        },
        "auvCam_AUVCam.Environment.CumulativeReward.mean": {
            "value": 7.472361207008362,
            "min": -30.648008346557617,
            "max": 12.697616711258888,
            "count": 50
        },
        "auvCam_AUVCam.Policy.ExtrinsicReward.mean": {
            "value": 7.472361207008362,
            "min": -30.648008346557617,
            "max": 12.697616711258888,
            "count": 50
        },
        "auvCam_AUVCam.IsTraining.mean": {
            "value": 1.0,
            "min": 1.0,
            "max": 1.0,
            "count": 50
        },
        "auvCam_AUVCam.Losses.ValueLoss.mean": {
            "value": 0.9335470199584961,
            "min": 0.305973082780838,
            "max": 1.3940191268920898,
            "count": 23
        },
        "auvCam_AUVCam.Losses.PolicyLoss.mean": {
            "value": 0.06411000341176987,
            "min": 0.05574837327003479,
            "max": 0.08293913304805756,
            "count": 23
        },
        "auvCam_AUVCam.Policy.LearningRate.mean": {
            "value": 1.1352100955264177e-05,
            "min": 1.1352100955264177e-05,
            "max": 0.00028766400646418333,
            "count": 23
        }
    },
    "metadata": {
        "timer_format_version": "0.1.0",
        "start_time_seconds": "1591874518",
        "python_version": "3.7.4 (default, Aug  9 2019, 18:34:13) [MSC v.1915 64 bit (AMD64)]",
        "command_line_arguments": "C:\\ProgramData\\Anaconda3\\Scripts\\mlagents-learn auv_config.yaml --run-id=auvCam",
        "mlagents_version": "0.16.1",
        "mlagents_envs_version": "0.16.1",
        "communication_protocol_version": "1.0.0",
        "tensorflow_version": "2.0.1",
        "end_time_seconds": "1591874784"
    },
    "total": 265.3148567,
    "count": 1,
    "self": 0.1850021000000197,
    "children": {
        "run_training.setup": {
            "total": 0.0051906999999999925,
            "count": 1,
            "self": 0.0051906999999999925
        },
        "TrainerController.start_learning": {
            "total": 265.1246639,
            "count": 1,
            "self": 17.058350499999847,
            "children": {
                "TrainerController._reset_env": {
                    "total": 8.4155181,
                    "count": 1,
                    "self": 8.4155181
                },
                "TrainerController.advance": {
                    "total": 238.77721250000008,
                    "count": 50175,
                    "self": 0.45727840000284914,
                    "children": {
                        "env_step": {
                            "total": 238.31993409999723,
                            "count": 50175,
                            "self": 204.9173000999957,
                            "children": {
                                "SubprocessEnvManager._take_step": {
                                    "total": 32.89853450000149,
                                    "count": 50175,
                                    "self": 1.1151392000034583,
                                    "children": {
                                        "NNPolicy.evaluate": {
                                            "total": 31.78339529999803,
                                            "count": 50096,
                                            "self": 31.78339529999803
                                        }
                                    }
                                },
                                "workers": {
                                    "total": 0.5040995000000379,
                                    "count": 50175,
                                    "self": 0.0,
                                    "children": {
                                        "worker_root": {
                                            "total": 255.2191952999999,
                                            "count": 50175,
                                            "is_parallel": true,
                                            "self": 109.00034790000245,
                                            "children": {
                                                "steps_from_proto": {
                                                    "total": 0.00017870000000108632,
                                                    "count": 1,
                                                    "is_parallel": true,
                                                    "self": 6.800000000062312e-05,
                                                    "children": {
                                                        "_process_vector_observation": {
                                                            "total": 0.0001107000000004632,
                                                            "count": 2,
                                                            "is_parallel": true,
                                                            "self": 0.0001107000000004632
                                                        }
                                                    }
                                                },
                                                "UnityEnvironment.step": {
                                                    "total": 146.21866869999747,
                                                    "count": 50175,
                                                    "is_parallel": true,
                                                    "self": 2.9469742000011934,
                                                    "children": {
                                                        "UnityEnvironment._generate_step_input": {
                                                            "total": 2.0023405999989894,
                                                            "count": 50175,
                                                            "is_parallel": true,
                                                            "self": 2.0023405999989894
                                                        },
                                                        "communicator.exchange": {
                                                            "total": 135.19413830000158,
                                                            "count": 50175,
                                                            "is_parallel": true,
                                                            "self": 135.19413830000158
                                                        },
                                                        "steps_from_proto": {
                                                            "total": 6.07521559999568,
                                                            "count": 50175,
                                                            "is_parallel": true,
                                                            "self": 2.8180603999975435,
                                                            "children": {
                                                                "_process_vector_observation": {
                                                                    "total": 3.2571551999981363,
                                                                    "count": 100350,