Steps,Policy/Entropy,Policy/Extrinsic Value Estimate,Environment/Cumulative Reward,Environment/Episode Length,Policy/Extrinsic Reward
1000,1.4189385,-0.48029658,-12.296919540560339,595.0,-12.296919226646423
2000,1.4189384,-0.5671607,-22.020407983509358,595.0,-22.020408391952515
3000,1.4204347,-0.60929644,-19.02909930277383,595.0,-21.164808869361877
4000,1.4204345,-0.65665877,-11.607885116158286,595.0,-14.250638216733932
