{
    "name": "root",
    "gauges": {
        "run_10_SameeraBox.Policy.Entropy.mean": {
            "value": 1.394252896308899,
            "min": 1.394252896308899,
            "max": 1.4189385175704956,
            "count": 50
        },
        "run_10_SameeraBox.Policy.ExtrinsicValueEstimate.mean": {
            "value": 2.8478331565856934,
            "min": -1.1020543575286865,
            "max": 2.8739945888519287,
            "count": 50
        },
        "run_10_SameeraBox.Environment.EpisodeLength.mean": {
            "value": 82.83333333333333,
            "min": 82.83333333333333,
            "max": 599.0,
            "count": 50
        },
        "run_10_SameeraBox.Environment.CumulativeReward.mean": {
            "value": 12.096331516901651,
            "min": -27.448166728019714,
            "max": 17.50102670987447,
            "count": 50
        },
        "run_10_SameeraBox.Policy.ExtrinsicReward.mean": {
            "value": 12.096331516901651,
            "min": -27.448166728019714,
            "max": 17.50102670987447,
            "count": 50
        },
        "run_10_SameeraBox.IsTraining.mean": {
            "value": 1.0,
            "min": 1.0,
            "max": 1.0,
            "count": 50
        },
        "run_10_SameeraBox.Losses.ValueLoss.mean": {
            "value": 1.4045432806015015,
            "min": 0.3180367052555084,
            "max": 1.8780452013015747,
            "count": 23
        },
        "run_10_SameeraBox.Losses.PolicyLoss.mean": {
            "value": 0.08515461534261703,
            "min": 0.06929239630699158,
            "max": 0.09465435147285461,
            "count": 23
        },
        "run_10_SameeraBox.Policy.LearningRate.mean": {
            "value": 1.225210780830821e-05,
            "min": 1.225210780830821e-05,
            "max": 0.0002876639482565224,
            "count": 23
        }
    },
    "metadata": {
        "timer_format_version": "0.1.0",
        "start_time_seconds": "1591899113",
        "python_version": "3.7.4 (default, Aug  9 2019, 18:34:13) [MSC v.1915 64 bit (AMD64)]",
        "command_line_arguments": "C:\\Users\\bon2die\\Anaconda3\\Scripts\\mlagents-learn auv_config.yaml --run-id=run_10",
        "mlagents_version": "0.16.1",
        "mlagents_envs_version": "0.16.1",
        "communication_protocol_version": "1.0.0",
        "tensorflow_version": "1.14.0",
        "end_time_seconds": "1591899529"
    },
    "total": 415.8664293,
    "count": 1,
    "self": 0.23973369999998795,
    "children": {
        "run_training.setup": {
            "total": 0.037361600000000106,
            "count": 1,
            "self": 0.037361600000000106
        },
        "TrainerController.start_learning": {
            "total": 415.589334,
            "count": 1,
            "self": 18.69389730000256,
            "children": {
                "TrainerController._reset_env": {
                    "total": 6.9084621,
                    "count": 1,
                    "self": 6.9084621
                },
                "TrainerController.advance": {
                    "total": 389.01770539999745,
                    "count": 50214,
                    "self": 0.6718653999980688,
                    "children": {
                        "env_step": {
                            "total": 388.3458399999994,
                            "count": 50214,
                            "self": 334.4488205999933,
                            "children": {
                                "SubprocessEnvManager._take_step": {
                                    "total": 53.20900710000319,
                                    "count": 50214,
                                    "self": 1.658659999995642,
                                    "children": {
                                        "NNPolicy.evaluate": {
                                            "total": 51.55034710000755,
                                            "count": 50033,
                                            "self": 51.55034710000755
                                        }
                                    }
                                },
                                "workers": {
                                    "total": 0.6880123000028444,
                                    "count": 50214,
                                    "self": 0.0,
                                    "children": {
                                        "worker_root": {
                                            "total": 406.35637900000324,
                                            "count": 50214,
                                            "is_parallel": true,
                                            "self": 136.4915851999982,
                                            "children": {
                                                "steps_from_proto": {
                                                    "total": 0.00026279999999978543,
                                                    "count": 1,
                                                    "is_parallel": true,
                                                    "self": 9.82999999994405e-05,
                                                    "children": {
                                                        "_process_vector_observation": {
                                                            "total": 0.00016450000000034493,
                                                            "count": 2,
                                                            "is_parallel": true,
                                                            "self": 0.00016450000000034493
                                                        }
                                                    }
                                                },
                                                "UnityEnvironment.step": {
                                                    "total": 269.86453100000506,
                                                    "count": 50214,
                                                    "is_parallel": true,
                                                    "self": 5.196438800006717,
                                                    "children": {
                                                        "UnityEnvironment._generate_step_input": {
                                                            "total": 3.578073800004587,
                                                            "count": 50214,
                                                            "is_parallel": true,
                                                            "self": 3.578073800004587
                                                        },
                                                        "communicator.exchange": {
                                                            "total": 250.32566849999566,
                                                            "count": 50214,
                                                            "is_parallel": true,
                                                            "self": 250.32566849999566
                                                        },
                                                        "steps_from_proto": {
                                                            "total": 10.764349899998088,
                                                            "count": 50214,
                                                            "is_parallel": true,
                                                            "self": 4.973336500001491,
                                                            "children": {
                                                                "_process_vector_observation": {
                                                                    "total": 5.791013399996597,
                                                                    "count": 100428,