{
    "name": "root",
    "gauges": {
        "run_12_SameeraBox.Policy.Entropy.mean": {
            "value": 1.4029401540756226,
            "min": 1.4029401540756226,
            "max": 1.4199599027633667,
            "count": 50
        },
        "run_12_SameeraBox.Policy.ExtrinsicValueEstimate.mean": {
            "value": 3.515967845916748,
            "min": -1.4718462228775024,
            "max": 3.515967845916748,
            "count": 50
        },
        "run_12_SameeraBox.Environment.EpisodeLength.mean": {
            "value": 81.16666666666667,
            "min": 73.78571428571429,
            "max": 599.0,
            "count": 50
        },
        "run_12_SameeraBox.Environment.CumulativeReward.mean": {
            "value": 11.906529386838278,
            "min": -26.3969906270504,
            "max": 14.89841029047966,
            "count": 50
        },
        "run_12_SameeraBox.Policy.ExtrinsicReward.mean": {
            "value": 11.906529386838278,
            "min": -26.3969906270504,
            "max": 14.89841029047966,
            "count": 50
        },
        "run_12_SameeraBox.IsTraining.mean": {
            "value": 1.0,
            "min": 1.0,
            "max": 1.0,
            "count": 50
        },
        "run_12_SameeraBox.Losses.ValueLoss.mean": {
            "value": 1.3058264255523682,
            "min": 0.301042377948761,
            "max": 2.0449182987213135,
            "count": 23
        },
        "run_12_SameeraBox.Losses.PolicyLoss.mean": {
            "value": 0.06938276439905167,
            "min": 0.0670391246676445,
            "max": 0.08045516163110733,
            "count": 23
        },
        "run_12_SameeraBox.Policy.LearningRate.mean": {
            "value": 1.0740089237515349e-05,
            "min": 1.0740089237515349e-05,
            "max": 0.00028766400646418333,
            "count": 23
        }
    },
    "metadata": {
        "timer_format_version": "0.1.0",
        "start_time_seconds": "1591900588",
        "python_version": "3.7.4 (default, Aug  9 2019, 18:34:13) [MSC v.1915 64 bit (AMD64)]",
        "command_line_arguments": "C:\\Users\\bon2die\\Anaconda3\\Scripts\\mlagents-learn auv_config.yaml --run-id=run_12",
        "mlagents_version": "0.16.1",
        "mlagents_envs_version": "0.16.1",
        "communication_protocol_version": "1.0.0",
        "tensorflow_version": "1.14.0",
        "end_time_seconds": "1591901009"
    },
    "total": 420.7970782,
    "count": 1,
    "self": 0.24066349999998238,
    "children": {
        "run_training.setup": {
            "total": 0.027993400000000168,
            "count": 1,
            "self": 0.027993400000000168
        },
        "TrainerController.start_learning": {
            "total": 420.5284213,
            "count": 1,
            "self": 19.203825400001392,
            "children": {
                "TrainerController._reset_env": {
                    "total": 6.903057500000001,
                    "count": 1,
                    "self": 6.903057500000001
                },
                "TrainerController.advance": {
                    "total": 393.44330979999864,
                    "count": 50289,
                    "self": 0.6632933000036019,
                    "children": {
                        "env_step": {
                            "total": 392.78001649999504,
                            "count": 50289,
                            "self": 338.3969924999928,
                            "children": {
                                "SubprocessEnvManager._take_step": {
                                    "total": 53.68903390000004,
                                    "count": 50289,
                                    "self": 1.6488597999976662,
                                    "children": {
                                        "NNPolicy.evaluate": {
                                            "total": 52.040174100002375,
                                            "count": 50069,
                                            "self": 52.040174100002375
                                        }
                                    }
                                },
                                "workers": {
                                    "total": 0.693990100002198,
                                    "count": 50289,
                                    "self": 0.0,
                                    "children": {
                                        "worker_root": {
                                            "total": 411.33861899999465,
                                            "count": 50289,
                                            "is_parallel": true,
                                            "self": 138.0007740999929,
                                            "children": {
                                                "steps_from_proto": {
                                                    "total": 0.00020929999999985682,
                                                    "count": 1,
                                                    "is_parallel": true,
                                                    "self": 8.430000000103632e-05,
                                                    "children": {
                                                        "_process_vector_observation": {
                                                            "total": 0.0001249999999988205,
                                                            "count": 2,
                                                            "is_parallel": true,
                                                            "self": 0.0001249999999988205
                                                        }
                                                    }
                                                },
                                                "UnityEnvironment.step": {
                                                    "total": 273.33763560000176,
                                                    "count": 50289,
                                                    "is_parallel": true,
                                                    "self": 5.359002000001283,
                                                    "children": {
                                                        "UnityEnvironment._generate_step_input": {
                                                            "total": 3.700665200004849,
                                                            "count": 50289,
                                                            "is_parallel": true,
                                                            "self": 3.700665200004849
                                                        },
                                                        "communicator.exchange": {
                                                            "total": 253.42185079999805,
                                                            "count": 50289,
                                                            "is_parallel": true,
                                                            "self": 253.42185079999805
                                                        },
                                                        "steps_from_proto": {
                                                            "total": 10.856117599997567,
                                                            "count": 50289,
                                                            "is_parallel": true,
                                                            "self": 4.982747499996414,
                                                            "children": {
                                                                "_process_vector_observation": {
                                                                    "total": 5.873370100001154,