{
    "name": "root",
    "gauges": {
        "run_11_SameeraBox.Policy.Entropy.mean": {
            "value": 1.4084442853927612,
            "min": 1.4084442853927612,
            "max": 1.4199182987213135,
            "count": 50
        },
        "run_11_SameeraBox.Policy.ExtrinsicValueEstimate.mean": {
            "value": 1.453042984008789,
            "min": -1.3230236768722534,
            "max": 2.102998971939087,
            "count": 50
        },
        "run_11_SameeraBox.Environment.EpisodeLength.mean": {
            "value": 129.66666666666666,
            "min": 125.66666666666667,
            "max": 599.0,
            "count": 50
        },
        "run_11_SameeraBox.Environment.CumulativeReward.mean": {
            "value": 10.944336652755737,
            "min": -34.6104566603899,
            "max": 14.88649919629097,
            "count": 50
        },
        "run_11_SameeraBox.Policy.ExtrinsicReward.mean": {
            "value": 10.944336652755737,
            "min": -34.6104566603899,
            "max": 14.88649919629097,
            "count": 50
        },
        "run_11_SameeraBox.IsTraining.mean": {
            "value": 1.0,
            "min": 1.0,
            "max": 1.0,
            "count": 50
        },
        "run_11_SameeraBox.Losses.ValueLoss.mean": {
            "value": 1.4802573919296265,
            "min": 0.3303837478160858,
            "max": 1.597070574760437,
            "count": 23
        },
        "run_11_SameeraBox.Losses.PolicyLoss.mean": {
            "value": 0.06915336102247238,
            "min": 0.060960859060287476,
            "max": 0.09648437798023224,
            "count": 23
        },
        "run_11_SameeraBox.Policy.LearningRate.mean": {
            "value": 9.552105439070147e-06,
            "min": 9.552105439070147e-06,
            "max": 0.00028766400646418333,
            "count": 23
        }
    },
    "metadata": {
        "timer_format_version": "0.1.0",
        "start_time_seconds": "1591899802",
        "python_version": "3.7.4 (default, Aug  9 2019, 18:34:13) [MSC v.1915 64 bit (AMD64)]",
        "command_line_arguments": "C:\\Users\\bon2die\\Anaconda3\\Scripts\\mlagents-learn auv_config.yaml --run-id=run_11",
        "mlagents_version": "0.16.1",
        "mlagents_envs_version": "0.16.1",
        "communication_protocol_version": "1.0.0",
        "tensorflow_version": "1.14.0",
        "end_time_seconds": "1591900221"
    },
    "total": 419.107284,
    "count": 1,
    "self": 0.23429079999999658,
    "children": {
        "run_training.setup": {
            "total": 0.027515900000000038,
            "count": 1,
            "self": 0.027515900000000038
        },
        "TrainerController.start_learning": {
            "total": 418.84547729999997,
            "count": 1,
            "self": 19.343003700002953,
            "children": {
                "TrainerController._reset_env": {
                    "total": 7.2799055,
                    "count": 1,
                    "self": 7.2799055
                },
                "TrainerController.advance": {
                    "total": 391.214023799997,
                    "count": 50138,
                    "self": 0.6792434000005869,
                    "children": {
                        "env_step": {
                            "total": 390.5347803999964,
                            "count": 50138,
                            "self": 332.5130264999927,
                            "children": {
                                "SubprocessEnvManager._take_step": {
                                    "total": 57.33080190000105,
                                    "count": 50138,
                                    "self": 1.6780928999979707,
                                    "children": {
                                        "NNPolicy.evaluate": {
                                            "total": 55.65270900000308,
                                            "count": 50007,
                                            "self": 55.65270900000308
                                        }
                                    }
                                },
                                "workers": {
                                    "total": 0.6909520000026568,
                                    "count": 50138,
                                    "self": 0.0,
                                    "children": {
                                        "worker_root": {
                                            "total": 409.06034480000164,
                                            "count": 50138,
                                            "is_parallel": true,
                                            "self": 143.01561220000247,
                                            "children": {
                                                "steps_from_proto": {
                                                    "total": 0.000207700000000699,
                                                    "count": 1,
                                                    "is_parallel": true,
                                                    "self": 8.040000000075764e-05,
                                                    "children": {
                                                        "_process_vector_observation": {
                                                            "total": 0.00012729999999994135,
                                                            "count": 2,
                                                            "is_parallel": true,
                                                            "self": 0.00012729999999994135
                                                        }
                                                    }
                                                },
                                                "UnityEnvironment.step": {
                                                    "total": 266.0445248999992,
                                                    "count": 50138,
                                                    "is_parallel": true,
                                                    "self": 5.310623700006943,
                                                    "children": {
                                                        "UnityEnvironment._generate_step_input": {
                                                            "total": 3.752775699994638,
                                                            "count": 50138,
                                                            "is_parallel": true,
                                                            "self": 3.752775699994638
                                                        },
                                                        "communicator.exchange": {
                                                            "total": 246.00370740000412,
                                                            "count": 50138,
                                                            "is_parallel": true,
                                                            "self": 246.00370740000412
                                                        },
                                                        "steps_from_proto": {
                                                            "total": 10.977418099993493,
                                                            "count": 50138,
                                                            "is_parallel": true,
                                                            "self": 5.049961700001974,
                                                            "children": {
                                                                "_process_vector_observation": {
                                                                    "total": 5.927456399991518,