{
    "name": "root",
    "gauges": {
        "run_13_SameeraBox.Policy.Entropy.mean": {
            "value": 1.4090882539749146,
            "min": 1.4090882539749146,
            "max": 1.4222862720489502,
            "count": 50
        },
        "run_13_SameeraBox.Policy.ExtrinsicValueEstimate.mean": {
            "value": 3.512366533279419,
            "min": -1.1919059753417969,
            "max": 3.551795244216919,
            "count": 50
        },
        "run_13_SameeraBox.Environment.EpisodeLength.mean": {
            "value": 89.81818181818181,
            "min": 88.45454545454545,
            "max": 599.0,
            "count": 50
        },
        "run_13_SameeraBox.Environment.CumulativeReward.mean": {
            "value": 12.681990796869451,
            "min": -24.863544762134552,
            "max": 17.504772472381593,
            "count": 50
        },
        "run_13_SameeraBox.Policy.ExtrinsicReward.mean": {
            "value": 12.681990796869451,
            "min": -24.863544762134552,
            "max": 17.504772472381593,
            "count": 50
        },
        "run_13_SameeraBox.IsTraining.mean": {
            "value": 1.0,
            "min": 1.0,
            "max": 1.0,
            "count": 50
        },
        "run_13_SameeraBox.Losses.ValueLoss.mean": {
            "value": 1.5052980184555054,
            "min": 0.39210060238838196,
            "max": 1.8860340118408203,
            "count": 23
        },
        "run_13_SameeraBox.Losses.PolicyLoss.mean": {
            "value": 0.05168725177645683,
            "min": 0.05168725177645683,
            "max": 0.08481454849243164,
            "count": 23
        },
        "run_13_SameeraBox.Policy.LearningRate.mean": {
            "value": 1.1718094356183428e-05,
            "min": 1.1718094356183428e-05,
            "max": 0.00028766400646418333,
            "count": 23
        }
    },
    "metadata": {
        "timer_format_version": "0.1.0",
        "start_time_seconds": "1591901077",
        "python_version": "3.7.4 (default, Aug  9 2019, 18:34:13) [MSC v.1915 64 bit (AMD64)]",
        "command_line_arguments": "C:\\Users\\bon2die\\Anaconda3\\Scripts\\mlagents-learn auv_config.yaml --run-id=run_13",
        "mlagents_version": "0.16.1",
        "mlagents_envs_version": "0.16.1",
        "communication_protocol_version": "1.0.0",
        "tensorflow_version": "1.14.0",
        "end_time_seconds": "1591901498"
    },
    "total": 421.2255329,
    "count": 1,
    "self": 0.28978749999998854,
    "children": {
        "run_training.setup": {
            "total": 0.02862190000000009,
            "count": 1,
            "self": 0.02862190000000009
        },
        "TrainerController.start_learning": {
            "total": 420.9071235,
            "count": 1,
            "self": 19.019067699998914,
            "children": {
                "TrainerController._reset_env": {
                    "total": 9.2731597,
                    "count": 1,
                    "self": 9.2731597
                },
                "TrainerController.advance": {
                    "total": 391.69882160000105,
                    "count": 50222,
                    "self": 0.6577499999986571,
                    "children": {
                        "env_step": {
                            "total": 391.0410716000024,
                            "count": 50222,
                            "self": 336.93282670000417,
                            "children": {
                                "SubprocessEnvManager._take_step": {
                                    "total": 53.41477579999561,
                                    "count": 50222,
                                    "self": 1.6198659999967475,
                                    "children": {
                                        "NNPolicy.evaluate": {
                                            "total": 51.79490979999886,
                                            "count": 50032,
                                            "self": 51.79490979999886
                                        }
                                    }
                                },
                                "workers": {
                                    "total": 0.6934691000026021,
                                    "count": 50222,
                                    "self": 0.0,
                                    "children": {
                                        "worker_root": {
                                            "total": 409.32272330000234,
                                            "count": 50222,
                                            "is_parallel": true,
                                            "self": 137.39985830000688,
                                            "children": {
                                                "steps_from_proto": {
                                                    "total": 0.0003743000000007157,
                                                    "count": 1,
                                                    "is_parallel": true,
                                                    "self": 0.0001488000000016143,
                                                    "children": {
                                                        "_process_vector_observation": {
                                                            "total": 0.00022549999999910142,
                                                            "count": 2,
                                                            "is_parallel": true,
                                                            "self": 0.00022549999999910142
                                                        }
                                                    }
                                                },
                                                "UnityEnvironment.step": {
                                                    "total": 271.9224906999955,
                                                    "count": 50222,
                                                    "is_parallel": true,
                                                    "self": 5.195329499995523,
                                                    "children": {
                                                        "UnityEnvironment._generate_step_input": {
                                                            "total": 3.607178999993824,
                                                            "count": 50222,
                                                            "is_parallel": true,
                                                            "self": 3.607178999993824
                                                        },
                                                        "communicator.exchange": {
                                                            "total": 252.45276800000224,
                                                            "count": 50222,
                                                            "is_parallel": true,
                                                            "self": 252.45276800000224
                                                        },
                                                        "steps_from_proto": {
                                                            "total": 10.667214200003896,
                                                            "count": 50222,
                                                            "is_parallel": true,
                                                            "self": 4.9001919000020955,
                                                            "children": {
                                                                "_process_vector_observation": {
                                                                    "total": 5.7670223000018,