{
    "name": "root",
    "gauges": {
        "run_4608_SameeraBox.Policy.Entropy.mean": {
            "value": 1.4186208248138428,
            "min": 1.4186208248138428,
            "max": 1.4189385175704956,
            "count": 50
        },
        "run_4608_SameeraBox.Policy.ExtrinsicValueEstimate.mean": {
            "value": -1.3364038467407227,
            "min": -1.3364038467407227,
            "max": -0.017026424407958984,
            "count": 50
        },
        "run_4608_SameeraBox.Environment.EpisodeLength.mean": {
            "value": 599.0,
            "min": 429.0,
            "max": 599.0,
            "count": 50
        },
        "run_4608_SameeraBox.Environment.CumulativeReward.mean": {
            "value": -11.490629404783249,
            "min": -28.82111966609955,
            "max": -6.745762825012207,
            "count": 50
        },
        "run_4608_SameeraBox.Policy.ExtrinsicReward.mean": {
            "value": -11.490629404783249,
            "min": -28.82111966609955,
            "max": -6.745762825012207,
            "count": 50
        },
        "run_4608_SameeraBox.IsTraining.mean": {
            "value": 1.0,
            "min": 1.0,
            "max": 1.0,
            "count": 50
        },
        "run_4608_SameeraBox.Losses.ValueLoss.mean": {
            "value": 0.3658842146396637,
            "min": 0.3483630418777466,
            "max": 0.7269599437713623,
            "count": 6
        },
        "run_4608_SameeraBox.Losses.PolicyLoss.mean": {
            "value": 0.004634114447981119,
            "min": 0.003844702849164605,
            "max": 0.019864656031131744,
            "count": 6
        },
        "run_4608_SameeraBox.Policy.LearningRate.mean": {
            "value": 8.922090273699723e-06,
            "min": 8.922090273699723e-06,
            "max": 0.0002514480147510767,
            "count": 6
        }
    },
    "metadata": {
        "timer_format_version": "0.1.0",
        "start_time_seconds": "1592220812",
        "python_version": "3.7.4 (default, Aug  9 2019, 18:34:13) [MSC v.1915 64 bit (AMD64)]",
        "command_line_arguments": "C:\\Users\\bon2die\\Anaconda3\\Scripts\\mlagents-learn auv_config.yaml --run-id=run_4608",
        "mlagents_version": "0.16.1",
        "mlagents_envs_version": "0.16.1",
        "communication_protocol_version": "1.0.0",
        "tensorflow_version": "2.0.0-rc1",
        "end_time_seconds": "1592221236"
    },
    "total": 423.9324836,
    "count": 1,
    "self": 0.25132469999999785,
    "children": {
        "run_training.setup": {
            "total": 0.007334699999999916,
            "count": 1,
            "self": 0.007334699999999916
        },
        "TrainerController.start_learning": {
            "total": 423.6738242,
            "count": 1,
            "self": 19.68593439999654,
            "children": {
                "TrainerController._reset_env": {
                    "total": 9.5101762,
                    "count": 1,
                    "self": 9.5101762
                },
                "TrainerController.advance": {
                    "total": 393.6539749000035,
                    "count": 50118,
                    "self": 0.7475576000031197,
                    "children": {
                        "env_step": {
                            "total": 392.9064173000004,
                            "count": 50118,
                            "self": 346.538666200004,
                            "children": {
                                "SubprocessEnvManager._take_step": {
                                    "total": 45.62579339999367,
                                    "count": 50118,
                                    "self": 1.693078199989813,
                                    "children": {
                                        "NNPolicy.evaluate": {
                                            "total": 43.932715200003855,
                                            "count": 50060,
                                            "self": 43.932715200003855
                                        }
                                    }
                                },
                                "workers": {
                                    "total": 0.7419577000027147,
                                    "count": 50118,
                                    "self": 0.0,
                                    "children": {
                                        "worker_root": {
                                            "total": 411.887768500001,
                                            "count": 50118,
                                            "is_parallel": true,
                                            "self": 131.57506530000086,
                                            "children": {
                                                "steps_from_proto": {
                                                    "total": 0.0006224000000010221,
                                                    "count": 1,
                                                    "is_parallel": true,
                                                    "self": 0.00030190000000018813,
                                                    "children": {
                                                        "_process_vector_observation": {
                                                            "total": 0.000320500000000834,
                                                            "count": 2,
                                                            "is_parallel": true,
                                                            "self": 0.000320500000000834
                                                        }
                                                    }
                                                },
                                                "UnityEnvironment.step": {
                                                    "total": 280.31208080000016,
                                                    "count": 50118,
                                                    "is_parallel": true,
                                                    "self": 5.6180467000071985,
                                                    "children": {
                                                        "UnityEnvironment._generate_step_input": {
                                                            "total": 3.902235499997479,
                                                            "count": 50118,
                                                            "is_parallel": true,
                                                            "self": 3.902235499997479
                                                        },
                                                        "communicator.exchange": {
                                                            "total": 259.49917199999686,
                                                            "count": 50118,
                                                            "is_parallel": true,
                                                            "self": 259.49917199999686
                                                        },
                                                        "steps_from_proto": {
                                                            "total": 11.292626599998643,
                                                            "count": 50118,
                                                            "is_parallel": true,
                                                            "self": 5.202059399998557,
                                                            "children": {
                                                                "_process_vector_observation": {
                                                                    "total": 6.090567200000086,