Steps,Policy/Entropy,Policy/Extrinsic Value Estimate,Environment/Cumulative Reward,Environment/Episode Length,Policy/Extrinsic Reward
1000,1.4189385,0.26282904,26.22377939010039,595.0,26.22377872467041
2000,1.4189384,0.12319581,-20.214169912735088,595.0,-20.214170217514038
3000,1.4178008,-0.04457458,2.138263307046145,595.0,25.015573501586914
4000,1.4178009,0.49072987,30.61418672464788,595.0,4.937570095062256
5000,1.4149376,0.37687927,25.74108439614065,595.0,25.74108397960663
