{
  "name": "root",
  "total": 8.8892281,
  "count": 1,
  "self": 8.8892281
}