{
    "name": "root",
    "gauges": {
        "sameeraBox-5_SameeraBox.Policy.Entropy.mean": {
            "value": 1.4189385175704956,
            "min": 1.4189385175704956,
            "max": 1.4189385175704956,
            "count": 1
        },
        "sameeraBox-5_SameeraBox.Policy.ExtrinsicValueEstimate.mean": {
            "value": -0.03544564172625542,
            "min": -0.03544564172625542,
            "max": -0.03544564172625542,
            "count": 1
        },
        "sameeraBox-5_SameeraBox.Environment.EpisodeLength.mean": {
            "value": 599.0,
            "min": 599.0,
            "max": 599.0,
            "count": 1
        },
        "sameeraBox-5_SameeraBox.Environment.CumulativeReward.mean": {
            "value": -22.235603094100952,
            "min": -22.235603094100952,
            "max": -22.235603094100952,
            "count": 1
        },
        "sameeraBox-5_SameeraBox.Policy.ExtrinsicReward.mean": {
            "value": -22.235603094100952,
            "min": -22.235603094100952,
            "max": -22.235603094100952,
            "count": 1
        },
        "sameeraBox-5_SameeraBox.IsTraining.mean": {
            "value": 1.0,
            "min": 1.0,
            "max": 1.0,
            "count": 1
        }
    },
    "metadata": {
        "timer_format_version": "0.1.0",
        "start_time_seconds": "1591361582",
        "python_version": "3.7.4 (default, Aug  9 2019, 18:34:13) [MSC v.1915 64 bit (AMD64)]",
        "command_line_arguments": "C:\\ProgramData\\Anaconda3\\Scripts\\mlagents-learn auv_config.yaml --run-id=sameeraBox-5",
        "mlagents_version": "0.16.1",
        "mlagents_envs_version": "0.16.1",
        "communication_protocol_version": "1.0.0",
        "tensorflow_version": "2.0.1",
        "end_time_seconds": "1591361605"
    },
    "total": 23.0601278,
    "count": 1,
    "self": 0.0003416000000022734,
    "children": {
        "run_training.setup": {
            "total": 0.005085100000000065,
            "count": 1,
            "self": 0.005085100000000065
        },
        "TrainerController.start_learning": {
            "total": 23.0547011,
            "count": 1,
            "self": 2.143250999999985,
            "children": {
                "TrainerController._reset_env": {
                    "total": 8.4920213,
                    "count": 1,
                    "self": 8.4920213
                },
                "TrainerController.advance": {
                    "total": 11.695733900000016,
                    "count": 1686,
                    "self": 0.016830400000062085,
                    "children": {
                        "env_step": {
                            "total": 11.678903499999954,
                            "count": 1686,
                            "self": 10.474037000000012,
                            "children": {
                                "SubprocessEnvManager._take_step": {
                                    "total": 1.187003199999923,
                                    "count": 1686,
                                    "self": 0.03980269999988906,
                                    "children": {
                                        "NNPolicy.evaluate": {
                                            "total": 1.147200500000034,
                                            "count": 1686,
                                            "self": 1.147200500000034
                                        }
                                    }
                                },
                                "workers": {
                                    "total": 0.017863300000019677,
                                    "count": 1685,
                                    "self": 0.0,
                                    "children": {
                                        "worker_root": {
                                            "total": 13.6055517000001,
                                            "count": 1685,
                                            "is_parallel": true,
                                            "self": 4.937845900000138,
                                            "children": {
                                                "steps_from_proto": {
                                                    "total": 0.0018662999999996543,
                                                    "count": 1,
                                                    "is_parallel": true,
                                                    "self": 7.909999999888839e-05,
                                                    "children": {
                                                        "_process_vector_observation": {
                                                            "total": 0.001787200000000766,
                                                            "count": 2,
                                                            "is_parallel": true,
                                                            "self": 0.001787200000000766
                                                        }
                                                    }
                                                },
                                                "UnityEnvironment.step": {
                                                    "total": 8.665839499999963,
                                                    "count": 1685,
                                                    "is_parallel": true,
                                                    "self": 0.10877670000009587,
                                                    "children": {
                                                        "UnityEnvironment._generate_step_input": {
                                                            "total": 0.07473870000000105,
                                                            "count": 1685,
                                                            "is_parallel": true,
                                                            "self": 0.07473870000000105
                                                        },
                                                        "communicator.exchange": {
                                                            "total": 8.259477899999947,
                                                            "count": 1685,
                                                            "is_parallel": true,
                                                            "self": 8.259477899999947
                                                        },
                                                        "steps_from_proto": {
                                                            "total": 0.2228461999999194,
                                                            "count": 1685,
                                                            "is_parallel": true,
                                                            "self": 0.10050829999986988,
                                                            "children": {
                                                                "_process_vector_observation": {
                                                                    "total": 0.12233790000004952,
                                                                    "count": 3370,
                                                                    "is_parallel": true,