{
    "name": "root",
    "gauges": {
        "SameeraBox.mean_reward": {
            "value": 25.74108439614065,
            "min": -20.214169912735088,
            "max": 30.61418672464788,
            "count": 5
        },
        "SameeraBox_SameeraBox.Policy/Entropy.mean": {
            "value": 1.4149376153945923,
            "min": 1.4149376153945923,
            "max": 1.4189385175704956,
            "count": 5
        },
        "SameeraBox_SameeraBox.Policy/Extrinsic Value Estimate.mean": {
            "value": 0.3768792748451233,
            "min": -0.04457458108663559,
            "max": 0.4907298684120178,
            "count": 5
        },
        "SameeraBox_SameeraBox.Environment/Cumulative Reward.mean": {
            "value": 25.74108439614065,
            "min": -20.214169912735088,
            "max": 30.61418672464788,
            "count": 5
        },
        "SameeraBox_SameeraBox.Environment/Episode Length.mean": {
            "value": 595.0,
            "min": 595.0,
            "max": 595.0,
            "count": 5
        },
        "SameeraBox_SameeraBox.Policy/Extrinsic Reward.mean": {
            "value": 25.74108397960663,
            "min": -20.214170217514038,
            "max": 26.22377872467041,
            "count": 5
        },
        "SameeraBox_SameeraBox.Losses/Value Loss.mean": {
            "value": 0.46148014068603516,
            "min": 0.46148014068603516,
            "max": 0.6268725395202637,
            "count": 2
        },
        "SameeraBox_SameeraBox.Losses/Policy Loss.mean": {
            "value": 0.06713143736124039,
            "min": 0.06713143736124039,
            "max": 0.07761722803115845,
            "count": 2
        },
        "SameeraBox_SameeraBox.Policy/Learning Rate.mean": {
            "value": 0.0002753280277829617,
            "min": 0.0002753280277829617,
            "max": 0.00028766400646418333,
            "count": 2
        }
    },
    "total": 38.9841483,
    "count": 1,
    "self": 0.10400450000000205,
    "children": {
        "run_training.setup": {
            "total": 1.9194171,
            "count": 1,
            "self": 1.9194171
        },
        "TrainerController.start_learning": {
            "total": 36.9607267,
            "count": 1,
            "self": 2.0689577999999784,
            "children": {
                "TrainerController._reset_env": {
                    "total": 7.625867799999999,
                    "count": 1,
                    "self": 7.625867799999999
                },
                "TrainerController.advance": {
                    "total": 26.779645400000028,
                    "count": 5521,
                    "self": 0.060614999999792474,
                    "children": {
                        "env_step": {
                            "total": 24.203283700000064,
                            "count": 5521,
                            "self": 21.02398110000035,
                            "children": {
                                "SubprocessEnvManager._take_step": {
                                    "total": 3.1230849999998096,
                                    "count": 5521,
                                    "self": 0.10796859999969222,
                                    "children": {
                                        "NNPolicy.evaluate": {
                                            "total": 3.0151164000001174,
                                            "count": 5521,
                                            "self": 3.0151164000001174
                                        }
                                    }
                                },
                                "workers": {
                                    "total": 0.05621759999990594,
                                    "count": 5520,
                                    "self": 0.0,
                                    "children": {
                                        "worker_root": {
                                            "total": 37.83233469999994,
                                            "count": 5520,
                                            "is_parallel": true,
                                            "self": 20.024377400000077,
                                            "children": {
                                                "batched_step_result_from_proto": {
                                                    "total": 0.00017099999999992122,
                                                    "count": 1,
                                                    "is_parallel": true,
                                                    "self": 5.7299999999926854e-05,
                                                    "children": {
                                                        "_process_vector_observation": {
                                                            "total": 0.00011369999999999436,
                                                            "count": 1,
                                                            "is_parallel": true,
                                                            "self": 0.00011369999999999436
                                                        }
                                                    }
                                                },
                                                "UnityEnvironment.step": {
                                                    "total": 17.80778629999986,
                                                    "count": 5520,
                                                    "is_parallel": true,
                                                    "self": 0.3112958999995996,
                                                    "children": {
                                                        "UnityEnvironment._generate_step_input": {
                                                            "total": 0.20836909999981934,
                                                            "count": 5520,
                                                            "is_parallel": true,
                                                            "self": 0.20836909999981934
                                                        },
                                                        "communicator.exchange": {
                                                            "total": 16.64342100000028,
                                                            "count": 5520,
                                                            "is_parallel": true,
                                                            "self": 16.64342100000028
                                                        },
                                                        "batched_step_result_from_proto": {
                                                            "total": 0.6447003000001601,
                                                            "count": 5520,
                                                            "is_parallel": true,
                                                            "self": 0.2737938000002931,
                                                            "children": {
                                                                "_process_vector_observation": {
                                                                    "total": 0.370906499999867,
                                                                    "count": 5520,
                                                                    "is_parallel": true,