{
    "name": "root",
    "gauges": {
        "sampl_Test_1_SameeraBox.Policy.Entropy.mean": {
            "value": 1.404811978340149,
            "min": 1.404811978340149,
            "max": 1.4190592765808105,
            "count": 50
        },
        "sampl_Test_1_SameeraBox.Policy.ExtrinsicValueEstimate.mean": {
            "value": 0.7082592844963074,
            "min": -1.705865740776062,
            "max": 0.9238826632499695,
            "count": 50
        },
        "sampl_Test_1_SameeraBox.Environment.EpisodeLength.mean": {
            "value": 153.6,
            "min": 121.0,
            "max": 599.0,
            "count": 50
        },
        "sampl_Test_1_SameeraBox.Environment.CumulativeReward.mean": {
            "value": 10.717602610588074,
            "min": -25.523263454437256,
            "max": 13.202229309082032,
            "count": 50
        },
        "sampl_Test_1_SameeraBox.Policy.ExtrinsicReward.mean": {
            "value": 10.717602610588074,
            "min": -25.523263454437256,
            "max": 13.202229309082032,
            "count": 50
        },
        "sampl_Test_1_SameeraBox.IsTraining.mean": {
            "value": 1.0,
            "min": 1.0,
            "max": 1.0,
            "count": 50
        },
        "sampl_Test_1_SameeraBox.Losses.ValueLoss.mean": {
            "value": 1.5407360792160034,
            "min": 0.2976195514202118,
            "max": 1.7176538705825806,
            "count": 23
        },
        "sampl_Test_1_SameeraBox.Losses.PolicyLoss.mean": {
            "value": 0.07833493500947952,
            "min": 0.058876197785139084,
            "max": 0.08805850893259048,
            "count": 23
        },
        "sampl_Test_1_SameeraBox.Policy.LearningRate.mean": {
            "value": 9.966096513380762e-06,
            "min": 9.966096513380762e-06,
            "max": 0.00028766400646418333,
            "count": 23
        }
    },
    "metadata": {
        "timer_format_version": "0.1.0",
        "start_time_seconds": "1591870435",
        "python_version": "3.7.4 (default, Aug  9 2019, 18:34:13) [MSC v.1915 64 bit (AMD64)]",
        "command_line_arguments": "C:\\Users\\bon2die\\Anaconda3\\Scripts\\mlagents-learn auv_config.yaml --run-id=sampl_Test_1",
        "mlagents_version": "0.16.1",
        "mlagents_envs_version": "0.16.1",
        "communication_protocol_version": "1.0.0",
        "tensorflow_version": "1.14.0",
        "end_time_seconds": "1591870981"
    },
    "total": 546.0512749,
    "count": 1,
    "self": 0.23172299999987445,
    "children": {
        "run_training.setup": {
            "total": 0.21024459999999978,
            "count": 1,
            "self": 0.21024459999999978
        },
        "TrainerController.start_learning": {
            "total": 545.6093073000001,
            "count": 1,
            "self": 21.795830700011948,
            "children": {
                "TrainerController._reset_env": {
                    "total": 17.7340036,
                    "count": 1,
                    "self": 17.7340036
                },
                "TrainerController.advance": {
                    "total": 505.03165859998813,
                    "count": 50119,
                    "self": 0.6993076999878554,
                    "children": {
                        "env_step": {
                            "total": 504.3323509000003,
                            "count": 50119,
                            "self": 445.56527049999073,
                            "children": {
                                "SubprocessEnvManager._take_step": {
                                    "total": 58.062094100006476,
                                    "count": 50119,
                                    "self": 1.6930218000146127,
                                    "children": {
                                        "NNPolicy.evaluate": {
                                            "total": 56.36907229999186,
                                            "count": 50010,
                                            "self": 56.36907229999186
                                        }
                                    }
                                },
                                "workers": {
                                    "total": 0.7049863000030925,
                                    "count": 50119,
                                    "self": 0.0,
                                    "children": {
                                        "worker_root": {
                                            "total": 525.5187391000078,
                                            "count": 50119,
                                            "is_parallel": true,
                                            "self": 145.50028050000128,
                                            "children": {
                                                "steps_from_proto": {
                                                    "total": 0.006333000000001476,
                                                    "count": 1,
                                                    "is_parallel": true,
                                                    "self": 0.0001544000000031076,
                                                    "children": {
                                                        "_process_vector_observation": {
                                                            "total": 0.006178599999998369,
                                                            "count": 2,
                                                            "is_parallel": true,
                                                            "self": 0.006178599999998369
                                                        }
                                                    }
                                                },
                                                "UnityEnvironment.step": {
                                                    "total": 380.0121256000065,
                                                    "count": 50119,
                                                    "is_parallel": true,
                                                    "self": 5.3667455000317545,
                                                    "children": {
                                                        "UnityEnvironment._generate_step_input": {
                                                            "total": 3.6607657999876864,
                                                            "count": 50119,
                                                            "is_parallel": true,
                                                            "self": 3.6607657999876864
                                                        },
                                                        "communicator.exchange": {
                                                            "total": 359.9879703999992,
                                                            "count": 50119,
                                                            "is_parallel": true,
                                                            "self": 359.9879703999992
                                                        },
                                                        "steps_from_proto": {
                                                            "total": 10.996643899987902,
                                                            "count": 50119,
                                                            "is_parallel": true,
                                                            "self": 5.049201799988623,
                                                            "children": {
                                                                "_process_vector_observation": {
                                                                    "total": 5.947442099999279,