{"count":1,"gauges":{"3DBall.CumulativeReward":{"count":1960,"max":31.200079,"min":0.100000165,"value":3.39999819,"weightedAverage":8.092979}},"self":10.513743999999999,"total":45.761715099999996,"children":{"AgentSendState":{"count":26067,"self":0.71505489999999994,"total":1.3551764,"children":{"CollectObservations":{"count":62568,"self":0.1369081,"total":0.1369081,"children":null},"CollectDiscreteActionMasks":{"count":62568,"self":0.0488781,"total":0.0488781,"children":null},"AgentInfo.ToProto":{"count":62568,"self":0.2269572,"total":0.4543353,"children":{"GenerateSensorData":{"count":62568,"self":0.2273781,"total":0.2273781,"children":null}}}}},"DecideAction":{"count":26067,"self":33.266224,"total":33.266224,"children":null},"AgentAct":{"count":26067,"self":0.5921995,"total":0.62561939999999994,"children":{"AgentInfo.ToProto":{"count":1960,"self":0.0141017,"total":0.033419899999999995,"children":{"GenerateSensorData":{"count":1960,"self":0.0193182,"total":0.0193182,"children":null}}}}}}}