{"count":1,"self":89.7566464,"total":98.720665099999991,"children":{"AgentSendState":{"count":4699,"self":0.042872799999999996,"total":0.058112699999999996,"children":{"CollectObservations":{"count":940,"self":0.0133225,"total":0.0133225,"children":null},"CollectDiscreteActionMasks":{"count":940,"self":0.0019173999999999999,"total":0.0019173999999999999,"children":null}}},"DecideAction":{"count":4699,"self":5.8333388,"total":8.668951,"children":{"CameraSensor.WriteToTensor":{"count":940,"self":2.8356122,"total":2.8356122,"children":null}}},"AgentAct":{"count":4699,"self":0.23596019999999998,"total":0.23596019999999998,"children":null}},"gauges":{"AUVCam.CumulativeReward":{"count":13,"max":20.3105316,"min":5.406613,"runningAverage":12.1236954,"value":9.629566,"weightedAverage":11.6230326}},"metadata":{"timer_format_version":"0.1.0","start_time_seconds":"1592121716","unity_version":"2019.3.15f1","command_line_arguments":"C:\\Program Files\\Unity\\Hub\\Editor\\2019.3.15f1\\Editor\\Unity.exe -projectpath D:\/arena_2020 -useHub -hubIPC -cloudEnvironment production -hubSessionId 2dbb0710-ae06-11ea-8326-9f0784772e0c","communication_protocol_version":"1.0.0","com.unity.ml-agents_version":"1.0.2-preview","scene_name":"Arena","end_time_seconds":"1592121814"}}