{"count":1,"gauges":{"AUV_Learning.CumulativeReward":{"count":7,"max":15.5082693,"min":0.702750564,"value":15.5082693,"weightedAverage":7.483902}},"self":44.7524896,"total":45.331393299999995,"children":{"AgentSendState":{"count":2233,"self":0.0033461,"total":0.0074565,"children":{"CollectObservations":{"count":447,"self":0.0041031999999999996,"total":0.0041031999999999996,"children":null},"CollectDiscreteActionMasks":{"count":447,"self":7.2E-06,"total":7.2E-06,"children":null}}},"DecideAction":{"count":2233,"self":0.5381958,"total":0.5381958,"children":null},"AgentAct":{"count":2233,"self":0.0322542,"total":0.0322542,"children":null}}}